<?xml version="1.0" encoding="UTF-8" standalone="no"?>
<properties>
  <!--for example: <mimeTypeRepository resource="/org/apache/tika/mime/tika-mimetypes.xml"/>-->
  <!--for example: <translator class="org.apache.tika.language.translate.GoogleTranslator"/>-->
  <detectors>
    <detector class="org.gagravarr.tika.OggDetector"/>
    <detector class="org.apache.tika.parser.microsoft.POIFSContainerDetector"/>
    <detector class="org.apache.tika.parser.pkg.ZipContainerDetector"/>
    <detector class="org.apache.tika.mime.MimeTypes"/>
  </detectors>
  <parsers>
    <parser class="org.apache.tika.parser.asm.ClassParser">
      <mime>application/java-vm</mime>
    </parser>
    <parser class="org.apache.tika.parser.audio.AudioParser">
      <mime>audio/basic</mime>
      <mime>audio/x-aiff</mime>
      <mime>audio/x-wav</mime>
    </parser>
    <parser class="org.apache.tika.parser.audio.MidiParser">
      <mime>application/x-midi</mime>
      <mime>audio/midi</mime>
    </parser>
    <parser class="org.apache.tika.parser.chm.ChmParser">
      <mime>application/chm</mime>
      <mime>application/vnd.ms-htmlhelp</mime>
      <mime>application/x-chm</mime>
    </parser>
    <parser class="org.apache.tika.parser.code.SourceCodeParser">
      <mime>text/x-c++src</mime>
      <mime>text/x-groovy</mime>
      <mime>text/x-java-source</mime>
    </parser>
    <parser class="org.apache.tika.parser.crypto.Pkcs7Parser">
      <mime>application/pkcs7-mime</mime>
      <mime>application/pkcs7-signature</mime>
    </parser>
    <parser class="org.apache.tika.parser.dwg.DWGParser">
      <mime>image/vnd.dwg</mime>
    </parser>
    <parser class="org.apache.tika.parser.epub.EpubParser">
      <mime>application/epub+zip</mime>
      <mime>application/x-ibooks+zip</mime>
    </parser>
    <parser class="org.apache.tika.parser.executable.ExecutableParser">
      <mime>application/x-coredump</mime>
      <mime>application/x-elf</mime>
      <mime>application/x-executable</mime>
      <mime>application/x-msdownload</mime>
      <mime>application/x-object</mime>
      <mime>application/x-sharedlib</mime>
    </parser>
    <parser class="org.apache.tika.parser.feed.FeedParser">
      <mime>application/atom+xml</mime>
      <mime>application/rss+xml</mime>
    </parser>
    <parser class="org.apache.tika.parser.font.AdobeFontMetricParser">
      <mime>application/x-font-adobe-metric</mime>
    </parser>
    <parser class="org.apache.tika.parser.font.TrueTypeParser">
      <mime>application/x-font-ttf</mime>
    </parser>
    <parser class="org.apache.tika.parser.hdf.HDFParser">
      <mime>application/x-hdf</mime>
    </parser>
    <parser class="org.apache.tika.parser.html.HtmlParser">
      <mime>application/vnd.wap.xhtml+xml</mime>
      <mime>application/x-asp</mime>
      <mime>application/xhtml+xml</mime>
      <mime>text/html</mime>
    </parser>
    <parser class="org.apache.tika.parser.image.ImageParser">
      <mime>image/bmp</mime>
      <mime>image/gif</mime>
      <mime>image/png</mime>
      <mime>image/vnd.wap.wbmp</mime>
      <mime>image/x-icon</mime>
      <mime>image/x-ms-bmp</mime>
      <mime>image/x-xcf</mime>
    </parser>
    <parser class="org.apache.tika.parser.image.PSDParser">
      <mime>image/vnd.adobe.photoshop</mime>
    </parser>
    <parser class="org.apache.tika.parser.image.TiffParser">
      <mime>image/tiff</mime>
    </parser>
    <parser class="org.apache.tika.parser.iptc.IptcAnpaParser">
      <mime>text/vnd.iptc.anpa</mime>
    </parser>
    <parser class="org.apache.tika.parser.iwork.IWorkPackageParser">
      <mime>application/vnd.apple.iwork</mime>
      <mime>application/vnd.apple.keynote</mime>
      <mime>application/vnd.apple.numbers</mime>
      <mime>application/vnd.apple.pages</mime>
    </parser>
    <parser class="org.apache.tika.parser.jpeg.JpegParser">
      <mime>image/jpeg</mime>
    </parser>
    <parser class="org.apache.tika.parser.mail.RFC822Parser">
      <mime>message/rfc822</mime>
    </parser>
    <parser class="org.apache.tika.parser.mat.MatParser">
      <mime>application/x-matlab-data</mime>
    </parser>
    <parser class="org.apache.tika.parser.mbox.MboxParser">
      <mime>application/mbox</mime>
    </parser>
    <parser class="org.apache.tika.parser.mbox.OutlookPSTParser">
      <mime>application/vnd.ms-outlook-pst</mime>
    </parser>
    <parser class="org.apache.tika.parser.microsoft.OfficeParser">
      <mime>application/msword</mime>
      <mime>application/sldworks</mime>
      <mime>application/vnd.ms-excel</mime>
      <mime>application/vnd.ms-outlook</mime>
      <mime>application/vnd.ms-powerpoint</mime>
      <mime>application/vnd.ms-project</mime>
      <mime>application/vnd.visio</mime>
      <mime>application/x-mspublisher</mime>
      <mime>application/x-tika-msoffice</mime>
      <mime>application/x-tika-msoffice-embedded; format=ole10_native</mime>
      <mime>application/x-tika-msworks-spreadsheet</mime>
      <mime>application/x-tika-ooxml-protected</mime>
    </parser>
    <parser class="org.apache.tika.parser.microsoft.TNEFParser">
      <mime>application/ms-tnef</mime>
      <mime>application/vnd.ms-tnef</mime>
      <mime>application/x-tnef</mime>
    </parser>
    <parser class="org.apache.tika.parser.microsoft.ooxml.OOXMLParser">
      <mime>application/vnd.ms-excel.addin.macroenabled.12</mime>
      <mime>application/vnd.ms-excel.sheet.macroenabled.12</mime>
      <mime>application/vnd.ms-excel.template.macroenabled.12</mime>
      <mime>application/vnd.ms-powerpoint.addin.macroenabled.12</mime>
      <mime>application/vnd.ms-powerpoint.presentation.macroenabled.12</mime>
      <mime>application/vnd.ms-powerpoint.slideshow.macroenabled.12</mime>
      <mime>application/vnd.ms-word.document.macroenabled.12</mime>
      <mime>application/vnd.ms-word.template.macroenabled.12</mime>
      <mime>application/vnd.openxmlformats-officedocument.presentationml.presentation</mime>
      <mime>application/vnd.openxmlformats-officedocument.presentationml.slideshow</mime>
      <mime>application/vnd.openxmlformats-officedocument.presentationml.template</mime>
      <mime>application/vnd.openxmlformats-officedocument.spreadsheetml.sheet</mime>
      <mime>application/vnd.openxmlformats-officedocument.spreadsheetml.template</mime>
      <mime>application/vnd.openxmlformats-officedocument.wordprocessingml.document</mime>
      <mime>application/vnd.openxmlformats-officedocument.wordprocessingml.template</mime>
      <mime>application/x-tika-ooxml</mime>
    </parser>
    <parser class="org.apache.tika.parser.mp3.Mp3Parser">
      <mime>audio/mpeg</mime>
    </parser>
    <parser class="org.apache.tika.parser.mp4.MP4Parser">
      <mime>application/mp4</mime>
      <mime>audio/mp4</mime>
      <mime>video/3gpp</mime>
      <mime>video/3gpp2</mime>
      <mime>video/mp4</mime>
      <mime>video/quicktime</mime>
      <mime>video/x-m4v</mime>
    </parser>
    <parser class="org.apache.tika.parser.netcdf.NetCDFParser">
      <mime>application/x-netcdf</mime>
    </parser>
    <parser class="org.apache.tika.parser.odf.OpenDocumentParser">
      <mime>application/vnd.oasis.opendocument.chart</mime>
      <mime>application/vnd.oasis.opendocument.chart-template</mime>
      <mime>application/vnd.oasis.opendocument.formula</mime>
      <mime>application/vnd.oasis.opendocument.formula-template</mime>
      <mime>application/vnd.oasis.opendocument.graphics</mime>
      <mime>application/vnd.oasis.opendocument.graphics-template</mime>
      <mime>application/vnd.oasis.opendocument.image</mime>
      <mime>application/vnd.oasis.opendocument.image-template</mime>
      <mime>application/vnd.oasis.opendocument.presentation</mime>
      <mime>application/vnd.oasis.opendocument.presentation-template</mime>
      <mime>application/vnd.oasis.opendocument.spreadsheet</mime>
      <mime>application/vnd.oasis.opendocument.spreadsheet-template</mime>
      <mime>application/vnd.oasis.opendocument.text</mime>
      <mime>application/vnd.oasis.opendocument.text-master</mime>
      <mime>application/vnd.oasis.opendocument.text-template</mime>
      <mime>application/vnd.oasis.opendocument.text-web</mime>
      <mime>application/vnd.sun.xml.writer</mime>
      <mime>application/x-vnd.oasis.opendocument.chart</mime>
      <mime>application/x-vnd.oasis.opendocument.chart-template</mime>
      <mime>application/x-vnd.oasis.opendocument.formula</mime>
      <mime>application/x-vnd.oasis.opendocument.formula-template</mime>
      <mime>application/x-vnd.oasis.opendocument.graphics</mime>
      <mime>application/x-vnd.oasis.opendocument.graphics-template</mime>
      <mime>application/x-vnd.oasis.opendocument.image</mime>
      <mime>application/x-vnd.oasis.opendocument.image-template</mime>
      <mime>application/x-vnd.oasis.opendocument.presentation</mime>
      <mime>application/x-vnd.oasis.opendocument.presentation-template</mime>
      <mime>application/x-vnd.oasis.opendocument.spreadsheet</mime>
      <mime>application/x-vnd.oasis.opendocument.spreadsheet-template</mime>
      <mime>application/x-vnd.oasis.opendocument.text</mime>
      <mime>application/x-vnd.oasis.opendocument.text-master</mime>
      <mime>application/x-vnd.oasis.opendocument.text-template</mime>
      <mime>application/x-vnd.oasis.opendocument.text-web</mime>
    </parser>
    <parser class="org.apache.tika.parser.pdf.PDFParser">
      <mime>application/pdf</mime>
    </parser>
    <parser class="org.apache.tika.parser.pkg.CompressorParser">
      <mime>application/gzip</mime>
      <mime>application/x-bzip</mime>
      <mime>application/x-bzip2</mime>
      <mime>application/x-gzip</mime>
      <mime>application/x-xz</mime>
    </parser>
    <parser class="org.apache.tika.parser.pkg.PackageParser">
      <mime>application/java-archive</mime>
      <mime>application/x-7z-compressed</mime>
      <mime>application/x-archive</mime>
      <mime>application/x-cpio</mime>
      <mime>application/x-tar</mime>
      <mime>application/x-tika-unix-dump</mime>
      <mime>application/zip</mime>
    </parser>
    <parser class="org.apache.tika.parser.rtf.RTFParser">
      <mime>application/rtf</mime>
    </parser>
    <parser class="org.apache.tika.parser.txt.TXTParser">
      <mime>text/plain</mime>
    </parser>
    <parser class="org.apache.tika.parser.video.FLVParser">
      <mime>video/x-flv</mime>
    </parser>
    <parser class="org.apache.tika.parser.xml.DcXMLParser">
      <mime>application/xml</mime>
      <mime>image/svg+xml</mime>
    </parser>
    <parser class="org.apache.tika.parser.xml.FictionBookParser">
      <mime>application/x-fictionbook+xml</mime>
    </parser>
    <parser class="org.gagravarr.tika.FlacParser">
      <mime>audio/x-flac</mime>
      <mime>audio/x-oggflac</mime>
    </parser>
    <parser class="org.gagravarr.tika.OggParser">
      <mime>application/kate</mime>
      <mime>application/ogg</mime>
      <mime>audio/ogg</mime>
      <mime>audio/x-oggpcm</mime>
      <mime>video/ogg</mime>
      <mime>video/theora</mime>
      <mime>video/x-dirac</mime>
      <mime>video/x-oggrgb</mime>
      <mime>video/x-ogguvs</mime>
      <mime>video/x-oggyuv</mime>
      <mime>video/x-ogm</mime>
    </parser>
    <parser class="org.gagravarr.tika.OpusParser">
      <mime>audio/ogg; codecs=opus</mime>
      <mime>audio/opus</mime>
    </parser>
    <parser class="org.gagravarr.tika.SpeexParser">
      <mime>audio/ogg; codecs=speex</mime>
      <mime>audio/speex</mime>
    </parser>
    <parser class="org.gagravarr.tika.VorbisParser">
      <mime>audio/vorbis</mime>
    </parser>
  </parsers>
</properties>
